"n","s0","fdr","tpr","fpr","shd","pred_size","F1_score","fdr_und","tpr_und","fpr_und","shd_und","pred_size.1","F1_score_und"
1000,10,0.324393939393939,0.7,0.0188888888888889,3.4,10.4,0.686969696969697,0.0348484848484849,1,0.00222222222222222,0.4,10.4,0.981385281385281
1000,20,0.348508771929825,0.625,0.0394117647058824,8.1,19.2,0.637726045883941,0.0305263157894737,0.93,0.00352941176470588,2,19.2,0.948960863697706
1000,40,0.322086691086691,0.4625,0.0586666666666667,28,27.3,0.549589593900393,0.237230362230362,0.52,0.0433333333333333,25.7,27.3,0.618097112135742
