"n","distribution","fdr","tpr","fpr","shd","pred_size","F1_score","fdr_und","tpr_und","fpr_und","shd_und","pred_size.1","F1_score_und"
1000,"gauss",0.348947368421053,0.645,0.0405882352941176,7.1,19.8,0.647948717948718,0,0.99,0,0.2,19.8,0.994871794871795
1000,"exp",0.301319229446164,0.62,0.0317647058823529,7.9,17.8,0.656384360068571,0.0155555555555556,0.875,0.00176470588235294,2.8,17.8,0.925684672526778
1000,"gumbel",0.262389306599833,0.73,0.0305882352941176,5.8,19.8,0.733330370955531,0.0192857142857143,0.97,0.00235294117647059,1,19.8,0.974727461242224
