n,alpha,fdr,tpr,fpr,shd,pred_size,F1_score,fdr_und,tpr_und,fpr_und,shd_und,pred_size,F1_score_und
1000,2,0.016081871,0.89,0.001764706,2.5,18.1,0.934402013,0.016081871,0.89,0.001764706,2.5,18.1,0.934402013
1000,1,0.010263158,0.965,0.001176471,0.7,19.5,0.976916329,0,0.975,0,0.5,19.5,0.987044534
1000,0.5,0,0.86,0,2.8,17.2,0.924292714,0,0.86,0,2.8,17.2,0.924292714
