"n","k","fdr","tpr","fpr","shd","pred_size","F1_score","fdr_und","tpr_und","fpr_und","shd_und","pred_size.1","F1_score_und"
1000,0,0.338095238095238,0.635,0.0382352941176471,7.8,19.2,0.648030018761726,0.02531328320802,0.935,0.00294117647058824,1.8,19.2,0.95422138836773
1000,2,0.344912280701754,0.635,0.0394117647058824,8,19.4,0.644696356275304,0.0355263157894737,0.935,0.00411764705882353,2,19.4,0.949224021592443
1000,4,0.271549525988885,0.745,0.0329411764705882,5.8,20.5,0.736202713905493,0.0323291925465838,0.99,0.00411764705882353,0.9,20.5,0.978142080079119
1000,10,0.260218348902559,0.735,0.0305882352941176,6.4,19.9,0.736879511160641,0.0536614262930052,0.94,0.00647058823529412,2.3,19.9,0.9425175979348
