"n","graphmodel","fdr","tpr","fpr","shd","pred_size","F1_score","fdr_und","tpr_und","fpr_und","shd_und","pred_size.1","F1_score_und"
1000,"ER",0.302055137844612,0.69,0.0352941176470588,6.4,19.8,0.693662815575524,0.00976190476190476,0.98,0.00117647058823529,0.6,19.8,0.984733715150917
1000,"SF",0.252814522938362,0.768421052631579,0.0292397660818713,5.6,19.6,0.756906180397836,0.0586363636363636,0.968421052631579,0.00701754385964912,1.8,19.6,0.953794037940379
