"n","distribution","fdr","tpr","fpr","shd","pred_size","F1_score","fdr_und","tpr_und","fpr_und","shd_und","pred_size.1","F1_score_und"
1000,"gauss",0.318501029125153,0.795,0.0482352941176471,8.2,24.1,0.724416718314368,0.154470471090387,1,0.0241176470588235,4.1,24.1,0.912439745144693
1000,"exp",0.386159698649954,0.745,0.0605882352941177,10.5,25.2,0.666424101974908,0.196779431352145,0.99,0.0317647058823529,5.6,25.2,0.882502562658895
1000,"gumbel",0.37774065483492,0.73,0.0564705882352941,9.6,24.2,0.660732093506458,0.160318785412489,1,0.0247058823529412,4.2,24.2,0.909595010235153
