"n","k","fdr","tpr","fpr","shd","pred_size","F1_score","fdr_und","tpr_und","fpr_und","shd_und","pred_size.1","F1_score_und"
1000,0,0.328333333333333,0.675,0.0388235294117647,6.6,20.1,0.673292682926829,0.00476190476190476,1,0.000588235294117647,0.1,20.1,0.997560975609756
1000,2,0.283070175438596,0.695,0.0323529411764706,6.5,19.4,0.705600375234522,0.0197869674185464,0.95,0.00235294117647059,1.4,19.4,0.964606003752345
1000,4,0.285943646996279,0.7,0.0329411764705882,6.6,19.6,0.706384065228738,0.0281601731601732,0.95,0.00352941176470588,1.6,19.6,0.960075446590209
1000,10,0.312890179995443,0.695,0.0376470588235294,7.3,20.3,0.689379522916108,0.0560822510822511,0.955,0.00705882352941176,2.1,20.3,0.948747878138122
