n,d,fdr,tpr,fpr,shd,pred_size,F1-score,fdr_und,tpr_und,fpr_und,shd_und,pred_size,F1-score_und
100,20,0.052395449,0.88,0.005882353,3,18.6,0.911648296,0.030313283,0.9,0.003529412,2.6,18.6,0.932600314
500,20,0.005263158,0.96,0.000588235,0.8,19.3,0.976788124,0,0.965,0,0.7,19.3,0.981916329
1000,20,0.010526316,0.965,0.001176471,0.7,19.5,0.976923077,0,0.975,0,0.5,19.5,0.987179487
