"n","graphmodel","fdr","tpr","fpr","shd","pred_size","F1_score","fdr_und","tpr_und","fpr_und","shd_und","pred_size.1","F1_score_und"
1000,"ER",0.30808161584792,0.8,0.0452941176470588,7.7,23.7,0.735811499802744,0.1446259175607,1,0.0217647058823529,3.7,23.7,0.919274800953757
1000,"SF",0.331590503449574,0.778947368421053,0.0467836257309941,8.1,22.8,0.709437994611294,0.157421905930152,0.994736842105263,0.0228070175438596,4,22.8,0.909247829665577
