"n","s0","fdr","tpr","fpr","shd","pred_size","F1_score","fdr_und","tpr_und","fpr_und","shd_und","pred_size.1","F1_score_und"
1000,10,0.365454545454545,0.64,0.0205555555555556,3.7,10.1,0.637142857142857,0.00909090909090909,1,0.000555555555555556,0.1,10.1,0.995238095238095
1000,20,0.302350193665983,0.7,0.0358823529411765,6.3,20.1,0.69854328598231,0.0138528138528139,0.99,0.00176470588235294,0.5,20.1,0.987670865719646
1000,40,0.297673984468339,0.5525,0.0626666666666667,19.8,31.5,0.616741223295021,0.0592222629521017,0.74,0.0126666666666667,12.3,31.5,0.827760283731513
