n,m,fdr,tpr,fpr,shd,pred_size,F1_score,fdr_und,tpr_und,fpr_und,shd_und,pred_size,F1_score_und
1000,2,0.010526316,0.965,0.001176471,0.7,19.5,0.976923077,0,0.975,0,0.5,19.5,0.987179487
1000,3,0.181802706,0.935,0.025294118,4.9,23,0.871499511,0.152869743,0.97,0.021176471,4.2,23,0.903102039
1000,4,0,0.9,0,2,18,0.947368421,0,0.9,0,2,18,0.947368421
