"n","alpha","fdr","tpr","fpr","shd","pred_size","F1_score","fdr_und","tpr_und","fpr_und","shd_und","pred_size.1","F1_score_und"
1000,0.5,0.466959064327485,0.495,0.0511764705882353,10.3,18.6,0.501443994601889,0.0108187134502924,0.92,0.00117647058823529,1.8,18.6,0.953171390013495
1000,1,0.348508771929825,0.625,0.0394117647058824,8.1,19.2,0.637726045883941,0.0305263157894737,0.93,0.00352941176470588,2,19.2,0.948960863697706
1000,2,0.395375816993464,0.49,0.0376470588235294,10.5,16.2,0.537795028110818,0.0169934640522876,0.795,0.00176470588235294,4.4,16.2,0.878290320395584
