"n","d","fdr","tpr","fpr","shd","pred_size","F1_score","fdr_und","tpr_und","fpr_und","shd_und","pred_size.1","F1_score_und"
100,20,0.320302287581699,0.555,0.0305882352941176,9.2,16.3,0.61036487615435,0.0173202614379085,0.8,0.00176470588235294,4.3,16.3,0.880993023098286
500,20,0.342521499828001,0.615,0.0376470588235294,7.8,18.7,0.63518765729292,0.005,0.93,0.000588235294117647,1.5,18.7,0.960846007951271
1000,20,0.312231715652768,0.695,0.0370588235294118,6.5,20.2,0.69113776467435,0.0188528138528139,0.99,0.00235294117647059,0.6,20.2,0.985234968283749
