"n","alpha","fdr","tpr","fpr","shd","pred_size","F1_score","fdr_und","tpr_und","fpr_und","shd_und","pred_size.1","F1_score_und"
1000,1,0.347969464465628,0.75,0.0511764705882353,8.7,23.7,0.6865840247304,0.142428117492056,1,0.0217647058823529,3.7,23.7,0.920243408615502
1000,0.5,0.437554112554113,0.59,0.0547058823529412,10.4,21.1,0.573101406509622,0.101341991341991,0.945,0.0129411764705882,3.3,21.1,0.920276911791674
1000,2,0.453227931488801,0.6,0.0588235294117647,11,22,0.571647968216318,0.133180877093921,0.95,0.0176470588235294,4,22,0.905679356567048
