"n","d","fdr","tpr","fpr","shd","pred_size","F1_score","fdr_und","tpr_und","fpr_und","shd_und","pred_size.1","F1_score_und"
1000,5,0.08,0.92,0.08,0.4,5,0.92,0,1,0,0,5,1
1000,10,0.493434343434343,0.47,0.131428571428571,6.7,9.3,0.450191387559809,0.149292929292929,0.79,0.04,3.5,9.3,0.818345864661654
1000,20,0.348508771929825,0.625,0.0394117647058824,8.1,19.2,0.637726045883941,0.0305263157894737,0.93,0.00352941176470588,2,19.2,0.948960863697706
1000,40,0.296207835944678,0.675,0.0154054054054054,14.8,38.4,0.688803229507476,0.0455928933560512,0.915,0.00243243243243243,5.2,38.4,0.933886785760455
