"n","d","fdr","tpr","fpr","shd","pred_size","F1_score","fdr_und","tpr_und","fpr_und","shd_und","pred_size.1","F1_score_und"
1000,5,0.193333333333333,0.82,0.2,1,5.1,0.812727272727273,0.0166666666666667,1,0.02,0.1,5.1,0.990909090909091
1000,10,0.36477688977689,0.76,0.128571428571429,4.5,12.1,0.691351402220967,0.16983016983017,1,0.06,2.1,12.1,0.9062205910032
1000,20,0.347969464465628,0.75,0.0511764705882353,8.7,23.7,0.6865840247304,0.142428117492056,1,0.0217647058823529,3.7,23.7,0.920243408615502
1000,40,0.429605087145731,0.7375,0.0304054054054054,22.6,52,0.642614337829429,0.229612774705416,0.9975,0.0163513513513514,12.2,52,0.868485297191062
