"n","d","fdr","tpr","fpr","shd","pred_size","F1_score","fdr_und","tpr_und","fpr_und","shd_und","pred_size.1","F1_score_und"
100,20,0.411127002082884,0.46,0.0376470588235294,12.1,15.6,0.501909472225262,0.0804292357968829,0.715,0.00764705882352941,7,15.6,0.802848508514143
500,20,0.330665634674923,0.605,0.0352941176470588,8.3,18.1,0.635215559689244,0.021374269005848,0.885,0.00235294117647059,2.7,18.1,0.928986212933581
1000,20,0.348508771929825,0.625,0.0394117647058824,8.1,19.2,0.637726045883941,0.0305263157894737,0.93,0.00352941176470588,2,19.2,0.948960863697706
