n,k,fdr,tpr,fpr,shd,pred_size,F1_score,fdr_und,tpr_und,fpr_und,shd_und,pred_size,F1_score_und
1000,0,0.016666666666666666,0.9299999999999999,0.0017647058823529412,1.4,18.9,0.9556005398110662,0.0,0.945,0.0,1.1,18.9,0.9713900134952768
1000,2,0.005263157894736842,0.9450000000000001,0.000588235294117647,1.1,19.0,0.9692307692307691,0.0,0.95,0.0,1.0,19.0,0.9743589743589742
1000,4,0.14766081871345033,0.8049999999999999,0.016470588235294115,4.8,18.9,0.8279352226720647,0.047368421052631574,0.9000000000000001,0.005294117647058823,2.9,18.9,0.925506072874494
1000,10,0.09010854341736693,0.74,0.008823529411764706,6.0,16.3,0.8152962560083303,0.04685457516339869,0.7749999999999999,0.004705882352941176,5.3,16.3,0.8539271469612029
