"n","d","fdr","tpr","fpr","shd","pred_size","F1_score","fdr_und","tpr_und","fpr_und","shd_und","pred_size.1","F1_score_und"
1000,5,0.24,0.66,0.24,1.2,4.5,0.652,0,0.9,0,0,4.5,0.9
1000,10,0.413989898989899,0.44,0.108571428571429,5.7,8.2,0.434808346624136,0.119292929292929,0.71,0.0314285714285714,3,8.2,0.741035923141186
1000,20,0.276752107541581,0.63,0.0329411764705882,5.7,18.2,0.626382113821138,0.0138528138528139,0.895,0.00176470588235294,0.4,18.2,0.890234968283749
1000,40,0.154354283927455,0.7525,0.00837837837837838,6.4,36.3,0.749005704016253,0.0123202001250782,0.895,0.000675675675675676,0.7,36.3,0.891264260040631
