n,distribution,fdr,tpr,fpr,shd,pred_size,F1_score,fdr_und,tpr_und,fpr_und,shd_und,pred_size,F1_score_und
1000,gauss,0.010263157894736842,0.9800000000000001,0.001176470588235294,0.4,19.8,0.9847435897435897,0.0,0.99,0.0,0.2,19.8,0.9948717948717949
1000,exp,0.016993464052287584,0.9100000000000001,0.0017647058823529412,1.8,18.5,0.9447860816281869,0.0,0.9250000000000002,0.0,1.5,18.5,0.960717802823066
1000,gumbel,0.015526315789473683,0.975,0.0017647058823529412,0.5,19.8,0.9796153846153846,0.0,0.99,0.0,0.2,19.8,0.9948717948717949
