"n","s0","fdr","tpr","fpr","shd","pred_size","F1_score","fdr_und","tpr_und","fpr_und","shd_und","pred_size.1","F1_score_und"
1000,10,0.421095571095571,0.7,0.0288888888888889,5.2,12.2,0.632509881422925,0.173909423909424,1,0.0122222222222222,2.2,12.2,0.903020892151327
1000,20,0.347969464465628,0.75,0.0511764705882353,8.7,23.7,0.6865840247304,0.142428117492056,1,0.0217647058823529,3.7,23.7,0.920243408615502
1000,40,0.662787068719572,0.5875,0.363333333333333,58.6,78,0.367510427466789,0.508852976465672,0.8975,0.280666666666667,46.2,78,0.627888601479581
