n,s0,fdr,tpr,fpr,shd,pred_size,F1_score,fdr_und,tpr_und,fpr_und,shd_und,pred_size,F1_score_und
1000,10,0,1,0,0,10,1,0,1,0,0,10,1
1000,20,0.010263158,0.965,0.001176471,0.7,19.5,0.976916329,0,0.975,0,0.5,19.5,0.987044534
1000,40,0.101737517,0.88,0.026666667,5.2,39.2,0.888984907,0.01,0.97,0.002666667,1.6,39.2,0.979840961
