"n","m","fdr","tpr","fpr","shd","pred_size","F1_score","fdr_und","tpr_und","fpr_und","shd_und","pred_size.1","F1_score_und"
1000,2,0.348508771929825,0.625,0.0394117647058824,8.1,19.2,0.637726045883941,0.0305263157894737,0.93,0.00352941176470588,2,19.2,0.948960863697706
1000,3,0.51500816993464,0.405,0.0505882352941176,12.3,16.7,0.393617005550442,0.0228758169934641,0.815,0.00235294117647059,4.1,16.7,0.888243130348394
1000,4,0.347574819401445,0.57,0.0358823529411765,9.8,17.5,0.608133639712587,0.0668386652906777,0.815,0.00705882352941176,4.9,17.5,0.869657511762775
