n,graphmodel,fdr,tpr,fpr,shd,pred_size,F1_score,fdr_und,tpr_und,fpr_und,shd_und,pred_size,F1_score_und
1000,ER,0.01637426900584795,0.9400000000000001,0.0017647058823529412,1.2,19.1,0.9609986504723347,0.0,0.9550000000000001,0.0,0.9,19.1,0.9766531713900136
1000,SF,0.0,0.9473684210526316,0.0,1.0,18.0,0.972972972972973,0.0,0.9473684210526316,0.0,1.0,18.0,0.972972972972973
