"n","alpha","fdr","tpr","fpr","shd","pred_size","F1_score","fdr_und","tpr_und","fpr_und","shd_und","pred_size.1","F1_score_und"
1000,1,0.274766461608567,0.73,0.0323529411764706,5.7,20.1,0.727316179755204,0.0138528138528139,0.99,0.00176470588235294,0.5,20.1,0.987670865719646
1000,0.5,0.329089390142022,0.645,0.0370588235294118,7.3,19.2,0.657463217142293,0.0100250626566416,0.95,0.00117647058823529,1.2,19.2,0.969220894638096
1000,2,0.465892857142857,0.405,0.0411764705882353,12.5,15.1,0.422666666666667,0.0391666666666667,0.725,0.00352941176470588,6.1,15.1,0.826162464985994
