"n","d","fdr","tpr","fpr","shd","pred_size","F1_score","fdr_und","tpr_und","fpr_und","shd_und","pred_size.1","F1_score_und"
100,20,0.431787478825522,0.725,0.0694117647058824,13,26.3,0.629162979725126,0.269406939477592,0.94,0.0441176470588235,8.7,26.3,0.818234420227195
500,20,0.427749888208514,0.715,0.0658823529411765,11.4,25.5,0.624643320210414,0.212300481711421,0.99,0.0335294117647059,5.9,25.5,0.874448693423752
1000,20,0.347969464465628,0.75,0.0511764705882353,8.7,23.7,0.6865840247304,0.142428117492056,1,0.0217647058823529,3.7,23.7,0.920243408615502
