"n","k","fdr","tpr","fpr","shd","pred_size","F1_score","fdr_und","tpr_und","fpr_und","shd_und","pred_size.1","F1_score_und"
1000,0,0.340755387728214,0.765,0.05,8.5,23.8,0.697522461211663,0.148954921889704,1,0.0223529411764706,3.8,23.8,0.916951920582096
1000,2,0.382372626520964,0.735,0.0588235294117647,10,24.7,0.659417475517339,0.173956444237774,1,0.0276470588235294,4.7,24.7,0.900770271933063
1000,4,0.306124028894644,0.81,0.0429411764705882,7.4,23.5,0.746384010968729,0.147872427422652,0.995,0.0211764705882353,3.7,23.5,0.916700943943469
1000,10,0.358915526502483,0.76,0.0505882352941176,8.7,23.8,0.69477830449519,0.160180196614979,0.995,0.0229411764705882,4,23.8,0.909916265062878
