"n","graphmodel","fdr","tpr","fpr","shd","pred_size","F1_score","fdr_und","tpr_und","fpr_und","shd_und","pred_size.1","F1_score_und"
1000,"ER",0.330577178239717,0.645,0.0376470588235294,7.6,19.3,0.65644397680983,0.0245488721804511,0.94,0.00294117647058824,1.7,19.3,0.956622973818096
1000,"SF",0.108187134502924,0.868421052631579,0.0116959064327485,2.5,18.5,0.879800853485064,0,0.973684210526316,0,0.5,18.5,0.986486486486487
