n,d,fdr,tpr,fpr,shd,pred_size,F1_score,fdr_und,tpr_und,fpr_und,shd_und,pred_size,F1_score_und
1000,5,0,0.8,0,1,4,0.888888889,0,0.8,0,1,4,0.888888889
1000,10,0,0.9,0,1,9,0.947368421,0,0.9,0,1,9,0.947368421
1000,20,0.010526316,0.965,0.001176471,0.7,19.5,0.976923077,0,0.975,0,0.5,19.5,0.987179487
1000,40,0.017628205,0.9775,0.000945946,0.9,39.8,0.979905063,0,0.995,0,0.2,39.8,0.997468354
